{"stats":{"minecraft:dropped":{"minecraft:feather":3,"minecraft:chicken":3,"minecraft:birch_log":1,"minecraft:grass_block":4},"minecraft:killed":{"minecraft:chicken":1},"minecraft:mined":{"minecraft:birch_leaves":4},"minecraft:custom":{"minecraft:time_since_rest":48848,"minecraft:play_time":48848,"minecraft:sprint_one_cm":76072,"minecraft:damage_taken":60,"minecraft:walk_one_cm":32397,"minecraft:sneak_time":66,"minecraft:mob_kills":1,"minecraft:drop":11,"minecraft:jump":719,"minecraft:damage_dealt":157,"minecraft:leave_game":5,"minecraft:walk_on_water_one_cm":560,"minecraft:time_since_death":48848,"minecraft:climb_one_cm":461,"minecraft:total_world_time":48848,"minecraft:fall_one_cm":4642,"minecraft:fly_one_cm":529999},"minecraft:picked_up":{"minecraft:feather":4,"minecraft:chicken":4,"minecraft:grass_block":4,"minecraft:birch_log":1},"minecraft:used":{"minecraft:grass_block":14,"minecraft:birch_log":2}},"DataVersion":3465}