{"stats":{"minecraft:custom":{"minecraft:jump":696,"minecraft:time_since_rest":45622,"minecraft:walk_on_water_one_cm":560,"minecraft:damage_dealt":157,"minecraft:climb_one_cm":461,"minecraft:play_time":45622,"minecraft:leave_game":4,"minecraft:sprint_one_cm":74462,"minecraft:damage_taken":60,"minecraft:time_since_death":45622,"minecraft:walk_one_cm":28942,"minecraft:sneak_time":66,"minecraft:total_world_time":45622,"minecraft:mob_kills":1,"minecraft:drop":3,"minecraft:fall_one_cm":4642,"minecraft:fly_one_cm":526546},"minecraft:killed":{"minecraft:chicken":1},"minecraft:mined":{"minecraft:birch_leaves":4},"minecraft:used":{"minecraft:grass_block":14},"minecraft:dropped":{"minecraft:grass_block":3},"minecraft:picked_up":{"minecraft:chicken":1,"minecraft:feather":1,"minecraft:grass_block":3}},"DataVersion":3465}