{"stats":{"minecraft:custom":{"minecraft:interact_with_furnace":20,"minecraft:mob_kills":19,"minecraft:interact_with_crafting_table":7,"minecraft:leave_game":1,"minecraft:time_since_death":38746,"minecraft:climb_one_cm":102,"minecraft:time_since_rest":38746,"minecraft:sprint_one_cm":86097,"minecraft:damage_taken":730,"minecraft:walk_one_cm":124118,"minecraft:damage_blocked_by_shield":169,"minecraft:drop":8,"minecraft:damage_dealt":6484,"minecraft:swim_one_cm":8834,"minecraft:fly_one_cm":68106,"minecraft:crouch_one_cm":19107,"minecraft:play_time":38746,"minecraft:sneak_time":6864,"minecraft:walk_under_water_one_cm":2305,"minecraft:jump":521,"minecraft:walk_on_water_one_cm":6458,"minecraft:total_world_time":38746,"minecraft:interact_with_smoker":5,"minecraft:fall_one_cm":14877},"minecraft:killed":{"minecraft:cave_spider":4,"minecraft:spider":1,"minecraft:bat":1,"minecraft:skeleton":1,"minecraft:sheep":1,"minecraft:zombie":4,"minecraft:drowned":1,"minecraft:cow":6},"minecraft:mined":{"minecraft:smoker":1,"minecraft:crafting_table":3,"minecraft:tall_grass":14,"minecraft:cobblestone":7,"minecraft:lapis_ore":5,"minecraft:diorite":1,"minecraft:spawner":2,"minecraft:furnace":2,"minecraft:birch_log":14,"minecraft:iron_ore":50,"minecraft:birch_leaves":1,"minecraft:grass":6,"minecraft:oak_log":12,"minecraft:coal_ore":25,"minecraft:dirt":2,"minecraft:cobweb":34,"minecraft:stone":79,"minecraft:tripwire":1,"minecraft:oak_leaves":2},"minecraft:used":{"minecraft:cooked_mutton":2,"minecraft:stone_sword":10,"minecraft:stone_pickaxe":114,"minecraft:shield":5,"minecraft:wooden_pickaxe":14,"minecraft:iron_sword":64,"minecraft:iron_chestplate":1,"minecraft:torch":1,"minecraft:dirt":1,"minecraft:crafting_table":3,"minecraft:smoker":1,"minecraft:iron_axe":12,"minecraft:string":1,"minecraft:iron_pickaxe":45,"minecraft:stone_axe":61,"minecraft:cobblestone":44,"minecraft:furnace":2,"minecraft:birch_log":2,"minecraft:cooked_beef":7},"minecraft:crafted":{"minecraft:cooked_beef":11,"minecraft:oak_planks":4,"minecraft:crafting_table":1,"minecraft:wooden_pickaxe":1,"minecraft:iron_helmet":1,"minecraft:iron_sword":1,"minecraft:furnace":2,"minecraft:birch_planks":24,"minecraft:stone_axe":1,"minecraft:cooked_mutton":2,"minecraft:air":0,"minecraft:iron_boots":1,"minecraft:iron_chestplate":1,"minecraft:shield":1,"minecraft:iron_axe":1,"minecraft:stick":12,"minecraft:iron_ingot":39,"minecraft:iron_pickaxe":1,"minecraft:stone_pickaxe":1,"minecraft:stone_sword":1,"minecraft:iron_leggings":1,"minecraft:smoker":1},"minecraft:dropped":{"minecraft:stone_axe":1,"minecraft:stone_sword":1,"minecraft:rail":1,"minecraft:dirt":1,"minecraft:diorite":1,"minecraft:andesite":1,"minecraft:stone_pickaxe":1,"minecraft:wooden_pickaxe":1},"minecraft:picked_up":{"minecraft:birch_log":14,"minecraft:crafting_table":3,"minecraft:andesite":1,"minecraft:leather":7,"minecraft:smoker":1,"minecraft:birch_planks":5,"minecraft:oak_log":13,"minecraft:string":52,"minecraft:lapis_lazuli":23,"minecraft:dirt":2,"minecraft:bone":6,"minecraft:bow":1,"minecraft:beef":11,"minecraft:iron_ingot":3,"minecraft:birch_sapling":4,"minecraft:oak_planks":5,"minecraft:furnace":2,"minecraft:stick":2,"minecraft:raw_iron":51,"minecraft:diorite":1,"minecraft:spider_eye":12,"minecraft:arrow":4,"minecraft:rotten_flesh":13,"minecraft:rail":1,"minecraft:mutton":2,"minecraft:coal":32,"minecraft:cobblestone":99,"minecraft:white_wool":1}},"DataVersion":3465}