{"stats":{"minecraft:dropped":{"minecraft:dirt":11,"minecraft:golden_carrot":1,"minecraft:quartz":8,"minecraft:gold_ingot":125},"minecraft:mined":{"minecraft:grass_block":4,"minecraft:dirt":5,"minecraft:birch_log":2,"minecraft:birch_leaves":1},"minecraft:used":{"minecraft:golden_apple":4,"minecraft:dirt":9,"minecraft:crying_obsidian":5,"minecraft:flint_and_steel":4,"minecraft:milk_bucket":2,"minecraft:obsidian":21},"minecraft:custom":{"minecraft:open_chest":6,"minecraft:time_since_rest":10748,"minecraft:crouch_one_cm":392,"minecraft:deaths":1,"minecraft:play_time":26604,"minecraft:sprint_one_cm":72950,"minecraft:damage_taken":547,"minecraft:walk_one_cm":42536,"minecraft:sneak_time":406,"minecraft:walk_under_water_one_cm":2567,"minecraft:drop":90,"minecraft:jump":600,"minecraft:damage_dealt":18,"minecraft:leave_game":4,"minecraft:walk_on_water_one_cm":1982,"minecraft:time_since_death":10721,"minecraft:climb_one_cm":132,"minecraft:total_world_time":26604,"minecraft:swim_one_cm":951,"minecraft:fall_one_cm":9930,"minecraft:fly_one_cm":282242},"minecraft:picked_up":{"minecraft:birch_log":2,"minecraft:blackstone":15,"minecraft:quartz":8,"minecraft:gravel":11,"minecraft:fire_charge":1,"minecraft:gold_ingot":61,"minecraft:iron_nugget":32,"minecraft:crying_obsidian":3,"minecraft:obsidian":2,"minecraft:dirt":20}},"DataVersion":3465}