{"stats":{"minecraft:mined":{"minecraft:sweet_berry_bush":1,"minecraft:grass":2,"minecraft:grass_block":2,"minecraft:dirt":2,"minecraft:tall_grass":1},"minecraft:custom":{"minecraft:time_since_rest":157665,"minecraft:interact_with_furnace":2,"minecraft:sprint_one_cm":122199,"minecraft:damage_taken":117,"minecraft:walk_one_cm":120628,"minecraft:mob_kills":15,"minecraft:drop":16,"minecraft:damage_dealt":8052,"minecraft:interact_with_crafting_table":2,"minecraft:fly_one_cm":1862011,"minecraft:open_barrel":1,"minecraft:open_chest":33,"minecraft:crouch_one_cm":384,"minecraft:play_time":157665,"minecraft:bell_ring":1,"minecraft:sneak_time":1313,"minecraft:walk_under_water_one_cm":2752,"minecraft:jump":1199,"minecraft:interact_with_brewingstand":1,"minecraft:interact_with_grindstone":2,"minecraft:interact_with_blast_furnace":1,"minecraft:leave_game":7,"minecraft:time_since_death":157665,"minecraft:walk_on_water_one_cm":3599,"minecraft:climb_one_cm":2,"minecraft:interact_with_smoker":1,"minecraft:total_world_time":157665,"minecraft:fall_one_cm":4820},"minecraft:dropped":{"minecraft:chiseled_stone_bricks":3,"minecraft:poppy":5,"minecraft:rose_bush":3,"minecraft:mangrove_propagule":1,"minecraft:jungle_sapling":1,"minecraft:apple":1,"minecraft:birch_log":1,"minecraft:egg":1},"minecraft:picked_up":{"minecraft:wooden_axe":1,"minecraft:stick":6,"minecraft:sweet_berries":21,"minecraft:leather_leggings":2,"minecraft:chiseled_stone_bricks":2,"minecraft:leather":6,"minecraft:porkchop":1,"minecraft:ink_sac":2,"minecraft:carrot":1,"minecraft:dirt":4,"minecraft:paper":5,"minecraft:bone":2,"minecraft:wooden_sword":2,"minecraft:arrow":2,"minecraft:rotten_flesh":9,"minecraft:apple":1,"minecraft:bow":1,"minecraft:wheat_seeds":1,"minecraft:beef":3,"minecraft:emerald":1,"minecraft:rose_bush":5,"minecraft:jungle_sapling":1,"minecraft:netherite_chestplate":1,"minecraft:poppy":5,"minecraft:coal":1,"minecraft:iron_sword":1,"minecraft:mutton":2,"minecraft:mangrove_propagule":4,"minecraft:book":1,"minecraft:white_wool":1,"minecraft:egg":1},"minecraft:killed":{"minecraft:sheep":1,"minecraft:skeleton":1,"minecraft:pillager":1,"minecraft:husk":1,"minecraft:zombie":5,"minecraft:pig":1,"minecraft:vindicator":1,"minecraft:wither_skeleton":1,"minecraft:cow":3},"minecraft:used":{"minecraft:jungle_sapling":1,"minecraft:netherite_sword":111,"minecraft:poppy":3,"minecraft:netherite_hoe":1,"minecraft:magenta_stained_glass_pane":2,"minecraft:chiseled_stone_bricks":1,"minecraft:dirt":4,"minecraft:carrot":1,"minecraft:oak_wood":4}},"DataVersion":3465}