{"stats":{"minecraft:mined":{"minecraft:birch_log":3,"minecraft:birch_leaves":1,"minecraft:grass":1,"minecraft:grass_block":10,"minecraft:dirt":5},"minecraft:dropped":{"minecraft:dirt":11,"minecraft:golden_carrot":1,"minecraft:quartz":8,"minecraft:gold_ingot":125},"minecraft:custom":{"minecraft:time_since_rest":8359,"minecraft:sprint_one_cm":143486,"minecraft:damage_taken":1423,"minecraft:walk_one_cm":142103,"minecraft:mob_kills":14,"minecraft:drop":90,"minecraft:damage_dealt":8296,"minecraft:swim_one_cm":3551,"minecraft:interact_with_crafting_table":1,"minecraft:fly_one_cm":579608,"minecraft:open_chest":7,"minecraft:crouch_one_cm":6727,"minecraft:play_time":111248,"minecraft:sneak_time":1887,"minecraft:deaths":4,"minecraft:walk_under_water_one_cm":17278,"minecraft:jump":1240,"minecraft:leave_game":12,"minecraft:walk_on_water_one_cm":7402,"minecraft:time_since_death":8339,"minecraft:total_world_time":111248,"minecraft:climb_one_cm":1155,"minecraft:fall_one_cm":15878},"minecraft:used":{"minecraft:netherite_sword":114,"minecraft:crying_obsidian":5,"minecraft:flint_and_steel":4,"minecraft:carved_pumpkin":7,"minecraft:iron_block":20,"minecraft:zombie_spawn_egg":2,"minecraft:bedrock":348,"minecraft:golden_apple":4,"minecraft:fire_charge":4,"minecraft:dirt":15,"minecraft:crafting_table":1,"minecraft:milk_bucket":2,"minecraft:obsidian":21},"minecraft:picked_up":{"minecraft:birch_log":2,"minecraft:feather":2,"minecraft:chicken":2,"minecraft:andesite":2,"minecraft:quartz":8,"minecraft:gravel":11,"minecraft:fire_charge":1,"minecraft:gunpowder":4,"minecraft:diamond_block":2,"minecraft:crying_obsidian":3,"minecraft:string":4,"minecraft:dirt":26,"minecraft:arrow":5,"minecraft:bone":10,"minecraft:diamond_chestplate":2,"minecraft:blackstone":15,"minecraft:rotten_flesh":16,"minecraft:bow":3,"minecraft:diamond_leggings":2,"minecraft:gold_nugget":1,"minecraft:diamond_boots":2,"minecraft:iron_ingot":13,"minecraft:totem_of_undying":4,"minecraft:gold_ingot":61,"minecraft:iron_nugget":32,"minecraft:poppy":2,"minecraft:bamboo":14,"minecraft:obsidian":2,"minecraft:cod":1,"minecraft:coal":2},"minecraft:killed_by":{"minecraft:ocelot":1,"minecraft:skeleton":1,"minecraft:creeper":1},"minecraft:killed":{"minecraft:skeleton":2,"minecraft:evoker":1,"minecraft:parrot":1,"minecraft:zombie":2,"minecraft:chicken":2,"minecraft:spider":3,"minecraft:wither_skeleton":1,"minecraft:creeper":1}},"DataVersion":3465}