{"stats":{"minecraft:mined":{"minecraft:grass_block":2,"minecraft:tall_grass":1,"minecraft:sweet_berry_bush":1,"minecraft:grass":2,"minecraft:dirt":2},"minecraft:dropped":{"minecraft:netherite_sword":1,"minecraft:mangrove_propagule":1,"minecraft:apple":1,"minecraft:chiseled_stone_bricks":3,"minecraft:poppy":5,"minecraft:oak_wood":1,"minecraft:rose_bush":3,"minecraft:jungle_sapling":1,"minecraft:birch_log":1,"minecraft:white_wool":1,"minecraft:egg":1},"minecraft:custom":{"minecraft:interact_with_furnace":5,"minecraft:mob_kills":26,"minecraft:interact_with_crafting_table":3,"minecraft:open_barrel":1,"minecraft:bell_ring":1,"minecraft:interact_with_grindstone":2,"minecraft:leave_game":11,"minecraft:time_since_death":255250,"minecraft:climb_one_cm":2,"minecraft:time_since_rest":255250,"minecraft:sprint_one_cm":182380,"minecraft:damage_taken":279,"minecraft:walk_one_cm":173281,"minecraft:drop":19,"minecraft:damage_dealt":13113,"minecraft:swim_one_cm":5786,"minecraft:talked_to_villager":1,"minecraft:fly_one_cm":2241993,"minecraft:open_chest":33,"minecraft:crouch_one_cm":384,"minecraft:play_time":255250,"minecraft:sneak_time":1492,"minecraft:walk_under_water_one_cm":3636,"minecraft:jump":1868,"minecraft:interact_with_brewingstand":1,"minecraft:interact_with_blast_furnace":1,"minecraft:walk_on_water_one_cm":4345,"minecraft:interact_with_smoker":1,"minecraft:total_world_time":255250,"minecraft:fall_one_cm":5029},"minecraft:picked_up":{"minecraft:wooden_axe":1,"minecraft:leather_leggings":2,"minecraft:leather":6,"minecraft:gold_block":1,"minecraft:gunpowder":6,"minecraft:dirt":4,"minecraft:paper":5,"minecraft:wooden_sword":2,"minecraft:bone":16,"minecraft:apple":1,"minecraft:bow":2,"minecraft:wheat_seeds":1,"minecraft:netherite_sword":1,"minecraft:iron_ingot":30,"minecraft:beef":3,"minecraft:rose_bush":5,"minecraft:jungle_sapling":1,"minecraft:poppy":5,"minecraft:iron_sword":1,"minecraft:egg":1,"minecraft:book":1,"minecraft:stick":6,"minecraft:sweet_berries":21,"minecraft:chiseled_stone_bricks":2,"minecraft:porkchop":4,"minecraft:ink_sac":2,"minecraft:carrot":1,"minecraft:spider_eye":7,"minecraft:oak_wood":1,"minecraft:arrow":12,"minecraft:rotten_flesh":11,"minecraft:diamond":1,"minecraft:gold_ingot":2,"minecraft:emerald":1,"minecraft:netherite_chestplate":1,"minecraft:mutton":2,"minecraft:coal":1,"minecraft:mangrove_propagule":4,"minecraft:white_wool":2},"minecraft:killed":{"minecraft:husk":1,"minecraft:pig":2,"minecraft:spider":2,"minecraft:vindicator":1,"minecraft:creeper":1,"minecraft:phantom":1,"minecraft:sheep":1,"minecraft:skeleton":3,"minecraft:pillager":1,"minecraft:zombie":9,"minecraft:wither_skeleton":1,"minecraft:cow":3},"minecraft:used":{"minecraft:netherite_sword":229,"minecraft:poppy":3,"minecraft:white_wool":1,"minecraft:golden_apple":3,"minecraft:dirt":4,"minecraft:mutton":2,"minecraft:carrot":1,"minecraft:oak_wood":5,"minecraft:jungle_sapling":1,"minecraft:netherite_hoe":1,"minecraft:magenta_stained_glass_pane":2,"minecraft:chiseled_stone_bricks":1}},"DataVersion":3465}