{"stats":{"minecraft:killed":{"minecraft:evoker":1,"minecraft:parrot":1,"minecraft:zombified_piglin":1,"minecraft:salmon":2,"minecraft:spider":4,"minecraft:creeper":1,"minecraft:squid":1,"minecraft:sheep":2,"minecraft:skeleton":3,"minecraft:pillager":3,"minecraft:zombie":7,"minecraft:chicken":5,"minecraft:wither_skeleton":1,"minecraft:enderman":1,"minecraft:cow":2},"minecraft:used":{"minecraft:jack_o_lantern":1,"minecraft:netherite_sword":199,"minecraft:stone_sword":14,"minecraft:flint_and_steel":4,"minecraft:carved_pumpkin":7,"minecraft:glass_bottle":2,"minecraft:carrot_on_a_stick":2,"minecraft:zombie_spawn_egg":5,"minecraft:stone":4,"minecraft:iron_sword":56,"minecraft:rotten_flesh":3,"minecraft:golden_apple":4,"minecraft:dirt":20,"minecraft:anvil":1,"minecraft:stripped_dark_oak_log":4,"minecraft:crafting_table":9,"minecraft:milk_bucket":2,"minecraft:obsidian":21,"minecraft:wooden_axe":36,"minecraft:apple":1,"minecraft:villager_spawn_egg":1,"minecraft:crying_obsidian":5,"minecraft:dark_oak_log":8,"minecraft:zombie_head":2,"minecraft:iron_block":24,"minecraft:chicken":2,"minecraft:gravel":9,"minecraft:bedrock":348,"minecraft:wooden_sword":189,"minecraft:fire_charge":4,"minecraft:potion":3,"minecraft:beef":6,"minecraft:dragon_head":1,"minecraft:zombified_piglin_spawn_egg":1},"minecraft:dropped":{"minecraft:gravel":18,"minecraft:wheat_seeds":11,"minecraft:flint":2,"minecraft:dirt":11,"minecraft:golden_carrot":1,"minecraft:quartz":8,"minecraft:gold_ingot":125},"minecraft:mined":{"minecraft:dark_oak_leaves":30,"minecraft:stripped_dark_oak_log":4,"minecraft:dark_oak_log":6,"minecraft:crafting_table":3,"minecraft:grass_block":21,"minecraft:poppy":1,"minecraft:spruce_leaves":37,"minecraft:sugar_cane":1,"minecraft:birch_log":4,"minecraft:birch_leaves":110,"minecraft:grass":204,"minecraft:oak_log":12,"minecraft:gravel":82,"minecraft:dirt":24,"minecraft:oak_leaves":49,"minecraft:fern":2},"minecraft:crafted":{"minecraft:wooden_sword":5,"minecraft:crafting_table":1,"minecraft:string":1,"minecraft:stick":2,"minecraft:wooden_axe":1,"minecraft:prismarine_shard":4},"minecraft:picked_up":{"minecraft:birch_log":2,"minecraft:crafting_table":3,"minecraft:feather":6,"minecraft:chicken":5,"minecraft:anvil":1,"minecraft:prismarine_shard":12,"minecraft:salmon":2,"minecraft:andesite":2,"minecraft:leather":1,"minecraft:carrot_on_a_stick":1,"minecraft:flint":8,"minecraft:oak_log":15,"minecraft:shield":1,"minecraft:gunpowder":4,"minecraft:dirt":56,"minecraft:string":8,"minecraft:paper":3,"minecraft:white_banner":1,"minecraft:leather_boots":1,"minecraft:bone":10,"minecraft:blackstone":15,"minecraft:apple":1,"minecraft:bow":3,"minecraft:diamond_leggings":2,"minecraft:wheat_seeds":21,"minecraft:gold_nugget":1,"minecraft:iron_ingot":18,"minecraft:beef":6,"minecraft:iron_nugget":32,"minecraft:poppy":3,"minecraft:bamboo":33,"minecraft:sugar_cane":3,"minecraft:birch_sapling":8,"minecraft:book":2,"minecraft:dark_oak_sapling":2,"minecraft:stick":11,"minecraft:quartz":8,"minecraft:gravel":83,"minecraft:fire_charge":1,"minecraft:spruce_sapling":3,"minecraft:diamond_block":2,"minecraft:crying_obsidian":3,"minecraft:dark_oak_log":8,"minecraft:dark_oak_planks":27,"minecraft:arrow":15,"minecraft:rotten_flesh":28,"minecraft:diamond_chestplate":2,"minecraft:diamond_boots":2,"minecraft:bone_meal":1,"minecraft:gold_ingot":61,"minecraft:totem_of_undying":5,"minecraft:oak_sapling":7,"minecraft:obsidian":2,"minecraft:mutton":2,"minecraft:stripped_dark_oak_log":4,"minecraft:cod":1,"minecraft:coal":2,"minecraft:white_wool":1},"minecraft:killed_by":{"minecraft:ocelot":1,"minecraft:skeleton":2,"minecraft:creeper":1,"minecraft:zombie":1},"minecraft:custom":{"minecraft:mob_kills":38,"minecraft:interact_with_crafting_table":16,"minecraft:leave_game":17,"minecraft:time_since_death":66900,"minecraft:climb_one_cm":1183,"minecraft:time_since_rest":66950,"minecraft:sprint_one_cm":282178,"minecraft:damage_taken":2275,"minecraft:walk_one_cm":339750,"minecraft:drop":94,"minecraft:damage_dealt":17484,"minecraft:swim_one_cm":3551,"minecraft:talked_to_villager":4,"minecraft:fly_one_cm":1241261,"minecraft:open_chest":11,"minecraft:crouch_one_cm":6727,"minecraft:play_time":222281,"minecraft:deaths":6,"minecraft:sneak_time":1920,"minecraft:walk_under_water_one_cm":25828,"minecraft:jump":2168,"minecraft:interact_with_blast_furnace":1,"minecraft:walk_on_water_one_cm":15618,"minecraft:total_world_time":222281,"minecraft:fall_one_cm":32233}},"DataVersion":3465}