{"stats":{"minecraft:picked_up":{"minecraft:stick":2,"minecraft:apple":1,"minecraft:sweet_berries":2,"minecraft:wheat_seeds":1,"minecraft:rose_bush":5,"minecraft:jungle_sapling":1,"minecraft:poppy":5,"minecraft:carrot":1,"minecraft:mangrove_propagule":1},"minecraft:custom":{"minecraft:open_chest":31,"minecraft:time_since_rest":86933,"minecraft:crouch_one_cm":343,"minecraft:interact_with_furnace":2,"minecraft:play_time":86933,"minecraft:sprint_one_cm":57302,"minecraft:damage_taken":57,"minecraft:walk_one_cm":50884,"minecraft:sneak_time":823,"minecraft:bell_ring":1,"minecraft:walk_under_water_one_cm":2062,"minecraft:drop":5,"minecraft:jump":542,"minecraft:interact_with_brewingstand":1,"minecraft:interact_with_grindstone":2,"minecraft:damage_dealt":2,"minecraft:interact_with_blast_furnace":1,"minecraft:leave_game":3,"minecraft:walk_on_water_one_cm":2244,"minecraft:time_since_death":86933,"minecraft:total_world_time":86933,"minecraft:interact_with_smoker":1,"minecraft:climb_one_cm":2,"minecraft:interact_with_crafting_table":1,"minecraft:fall_one_cm":2206,"minecraft:fly_one_cm":1185100},"minecraft:dropped":{"minecraft:poppy":2,"minecraft:jungle_sapling":1,"minecraft:apple":1,"minecraft:mangrove_propagule":1},"minecraft:used":{"minecraft:jungle_sapling":1,"minecraft:magenta_stained_glass_pane":2,"minecraft:chiseled_stone_bricks":1,"minecraft:poppy":3,"minecraft:carrot":1,"minecraft:netherite_hoe":1}},"DataVersion":3465}