{"stats":{"minecraft:mined":{"minecraft:grass":2,"minecraft:grass_block":2,"minecraft:dirt":2},"minecraft:picked_up":{"minecraft:stick":2,"minecraft:sweet_berries":2,"minecraft:chiseled_stone_bricks":2,"minecraft:carrot":1,"minecraft:dirt":4,"minecraft:apple":1,"minecraft:wheat_seeds":1,"minecraft:rose_bush":5,"minecraft:jungle_sapling":1,"minecraft:poppy":5,"minecraft:mangrove_propagule":1},"minecraft:custom":{"minecraft:time_since_rest":92364,"minecraft:interact_with_furnace":2,"minecraft:sprint_one_cm":60156,"minecraft:damage_taken":57,"minecraft:walk_one_cm":54577,"minecraft:drop":15,"minecraft:damage_dealt":2,"minecraft:interact_with_crafting_table":1,"minecraft:fly_one_cm":1190907,"minecraft:open_chest":31,"minecraft:crouch_one_cm":343,"minecraft:play_time":92364,"minecraft:bell_ring":1,"minecraft:sneak_time":823,"minecraft:walk_under_water_one_cm":2062,"minecraft:jump":569,"minecraft:interact_with_brewingstand":1,"minecraft:interact_with_grindstone":2,"minecraft:interact_with_blast_furnace":1,"minecraft:leave_game":5,"minecraft:time_since_death":92364,"minecraft:walk_on_water_one_cm":2244,"minecraft:climb_one_cm":2,"minecraft:interact_with_smoker":1,"minecraft:total_world_time":92364,"minecraft:fall_one_cm":2473},"minecraft:dropped":{"minecraft:chiseled_stone_bricks":3,"minecraft:poppy":5,"minecraft:rose_bush":3,"minecraft:mangrove_propagule":1,"minecraft:jungle_sapling":1,"minecraft:apple":1,"minecraft:birch_log":1},"minecraft:used":{"minecraft:jungle_sapling":1,"minecraft:poppy":3,"minecraft:netherite_hoe":1,"minecraft:magenta_stained_glass_pane":2,"minecraft:chiseled_stone_bricks":1,"minecraft:dirt":4,"minecraft:carrot":1}},"DataVersion":3465}