{"stats":{"minecraft:killed_by":{"minecraft:ocelot":1,"minecraft:skeleton":1,"minecraft:creeper":1},"minecraft:mined":{"minecraft:grass_block":13,"minecraft:birch_log":3,"minecraft:birch_leaves":1,"minecraft:grass":21,"minecraft:gravel":27,"minecraft:dirt":7},"minecraft:custom":{"minecraft:mob_kills":30,"minecraft:interact_with_crafting_table":2,"minecraft:leave_game":13,"minecraft:time_since_death":39317,"minecraft:climb_one_cm":1155,"minecraft:time_since_rest":39337,"minecraft:sprint_one_cm":183441,"minecraft:damage_taken":1423,"minecraft:walk_one_cm":208298,"minecraft:drop":90,"minecraft:damage_dealt":16010,"minecraft:swim_one_cm":3551,"minecraft:talked_to_villager":3,"minecraft:fly_one_cm":776287,"minecraft:open_chest":7,"minecraft:crouch_one_cm":6727,"minecraft:play_time":142226,"minecraft:deaths":4,"minecraft:sneak_time":1887,"minecraft:walk_under_water_one_cm":17626,"minecraft:jump":1534,"minecraft:walk_on_water_one_cm":9551,"minecraft:total_world_time":142226,"minecraft:fall_one_cm":20919},"minecraft:used":{"minecraft:jack_o_lantern":1,"minecraft:netherite_sword":199,"minecraft:flint_and_steel":4,"minecraft:carved_pumpkin":7,"minecraft:carrot_on_a_stick":2,"minecraft:stone":4,"minecraft:iron_sword":56,"minecraft:zombie_spawn_egg":5,"minecraft:rotten_flesh":3,"minecraft:golden_apple":4,"minecraft:dirt":20,"minecraft:crafting_table":2,"minecraft:milk_bucket":2,"minecraft:obsidian":21,"minecraft:crying_obsidian":5,"minecraft:villager_spawn_egg":1,"minecraft:zombie_head":2,"minecraft:iron_block":24,"minecraft:chicken":2,"minecraft:bedrock":348,"minecraft:fire_charge":4,"minecraft:dragon_head":1},"minecraft:dropped":{"minecraft:dirt":11,"minecraft:golden_carrot":1,"minecraft:quartz":8,"minecraft:gold_ingot":125},"minecraft:killed":{"minecraft:evoker":1,"minecraft:parrot":1,"minecraft:spider":4,"minecraft:creeper":1,"minecraft:sheep":2,"minecraft:skeleton":3,"minecraft:pillager":3,"minecraft:zombie":7,"minecraft:chicken":3,"minecraft:wither_skeleton":1,"minecraft:enderman":1},"minecraft:picked_up":{"minecraft:birch_log":2,"minecraft:feather":4,"minecraft:chicken":3,"minecraft:anvil":1,"minecraft:prismarine_shard":1,"minecraft:andesite":2,"minecraft:carrot_on_a_stick":1,"minecraft:flint":1,"minecraft:shield":1,"minecraft:gunpowder":4,"minecraft:dirt":31,"minecraft:string":8,"minecraft:paper":3,"minecraft:white_banner":1,"minecraft:leather_boots":1,"minecraft:bone":10,"minecraft:blackstone":15,"minecraft:bow":3,"minecraft:wheat_seeds":2,"minecraft:diamond_leggings":2,"minecraft:gold_nugget":1,"minecraft:iron_ingot":18,"minecraft:iron_nugget":32,"minecraft:poppy":3,"minecraft:bamboo":14,"minecraft:book":2,"minecraft:quartz":8,"minecraft:gravel":26,"minecraft:fire_charge":1,"minecraft:diamond_block":2,"minecraft:crying_obsidian":3,"minecraft:rotten_flesh":22,"minecraft:arrow":15,"minecraft:diamond_chestplate":2,"minecraft:diamond_boots":2,"minecraft:gold_ingot":61,"minecraft:totem_of_undying":5,"minecraft:obsidian":2,"minecraft:mutton":2,"minecraft:coal":2,"minecraft:cod":1,"minecraft:white_wool":1}},"DataVersion":3465}