{"stats":{"minecraft:killed":{"minecraft:parrot":1},"minecraft:used":{"minecraft:crafting_table":1},"minecraft:dropped":{"minecraft:feather":2,"minecraft:gray_wool":1,"minecraft:sweet_berries":7,"minecraft:mutton":5,"minecraft:white_wool":2,"minecraft:crafting_table":1},"minecraft:custom":{"minecraft:time_since_rest":20675,"minecraft:play_time":20675,"minecraft:sprint_one_cm":21943,"minecraft:damage_taken":20,"minecraft:walk_one_cm":7950,"minecraft:sneak_time":10,"minecraft:walk_under_water_one_cm":2435,"minecraft:mob_kills":1,"minecraft:drop":6,"minecraft:jump":142,"minecraft:damage_dealt":38,"minecraft:leave_game":1,"minecraft:time_since_death":20675,"minecraft:walk_on_water_one_cm":329,"minecraft:total_world_time":20675,"minecraft:swim_one_cm":4715,"minecraft:interact_with_crafting_table":1,"minecraft:fly_one_cm":113588},"minecraft:picked_up":{"minecraft:feather":2,"minecraft:sweet_berries":7,"minecraft:gray_wool":1,"minecraft:mutton":5,"minecraft:white_wool":2}},"DataVersion":3465}