{"stats":{"minecraft:crafted":{"minecraft:wooden_sword":4,"minecraft:string":1,"minecraft:wooden_axe":1},"minecraft:custom":{"minecraft:mob_kills":31,"minecraft:interact_with_crafting_table":3,"minecraft:leave_game":14,"minecraft:time_since_death":10072,"minecraft:climb_one_cm":1155,"minecraft:time_since_rest":10122,"minecraft:sprint_one_cm":241961,"minecraft:damage_taken":2117,"minecraft:walk_one_cm":287258,"minecraft:drop":94,"minecraft:damage_dealt":16138,"minecraft:swim_one_cm":3551,"minecraft:talked_to_villager":3,"minecraft:fly_one_cm":857366,"minecraft:open_chest":7,"minecraft:crouch_one_cm":6727,"minecraft:play_time":165453,"minecraft:deaths":6,"minecraft:sneak_time":1887,"minecraft:walk_under_water_one_cm":19202,"minecraft:jump":1867,"minecraft:walk_on_water_one_cm":15314,"minecraft:total_world_time":165453,"minecraft:fall_one_cm":27632},"minecraft:used":{"minecraft:netherite_sword":199,"minecraft:jack_o_lantern":1,"minecraft:flint_and_steel":4,"minecraft:carved_pumpkin":7,"minecraft:carrot_on_a_stick":2,"minecraft:stone":4,"minecraft:iron_sword":56,"minecraft:zombie_spawn_egg":5,"minecraft:rotten_flesh":3,"minecraft:golden_apple":4,"minecraft:dirt":20,"minecraft:crafting_table":3,"minecraft:milk_bucket":2,"minecraft:obsidian":21,"minecraft:crying_obsidian":5,"minecraft:villager_spawn_egg":1,"minecraft:zombie_head":2,"minecraft:iron_block":24,"minecraft:chicken":2,"minecraft:gravel":9,"minecraft:bedrock":348,"minecraft:wooden_sword":178,"minecraft:fire_charge":4,"minecraft:beef":3,"minecraft:dragon_head":1},"minecraft:dropped":{"minecraft:gravel":18,"minecraft:wheat_seeds":11,"minecraft:flint":2,"minecraft:dirt":11,"minecraft:golden_carrot":1,"minecraft:quartz":8,"minecraft:gold_ingot":125},"minecraft:picked_up":{"minecraft:birch_log":2,"minecraft:feather":4,"minecraft:chicken":3,"minecraft:anvil":1,"minecraft:prismarine_shard":12,"minecraft:leather":1,"minecraft:andesite":2,"minecraft:carrot_on_a_stick":1,"minecraft:flint":8,"minecraft:gunpowder":4,"minecraft:shield":1,"minecraft:dirt":56,"minecraft:string":8,"minecraft:paper":3,"minecraft:white_banner":1,"minecraft:leather_boots":1,"minecraft:bone":10,"minecraft:blackstone":15,"minecraft:bow":3,"minecraft:diamond_leggings":2,"minecraft:wheat_seeds":21,"minecraft:gold_nugget":1,"minecraft:beef":3,"minecraft:iron_ingot":18,"minecraft:iron_nugget":32,"minecraft:poppy":3,"minecraft:bamboo":14,"minecraft:sugar_cane":3,"minecraft:birch_sapling":8,"minecraft:book":2,"minecraft:dark_oak_sapling":2,"minecraft:stick":6,"minecraft:quartz":8,"minecraft:gravel":83,"minecraft:fire_charge":1,"minecraft:diamond_block":2,"minecraft:crying_obsidian":3,"minecraft:rotten_flesh":22,"minecraft:arrow":15,"minecraft:diamond_chestplate":2,"minecraft:diamond_boots":2,"minecraft:gold_ingot":61,"minecraft:totem_of_undying":5,"minecraft:oak_sapling":3,"minecraft:coal":2,"minecraft:mutton":2,"minecraft:obsidian":2,"minecraft:cod":1,"minecraft:white_wool":1},"minecraft:killed":{"minecraft:evoker":1,"minecraft:parrot":1,"minecraft:spider":4,"minecraft:creeper":1,"minecraft:sheep":2,"minecraft:skeleton":3,"minecraft:pillager":3,"minecraft:zombie":7,"minecraft:chicken":3,"minecraft:wither_skeleton":1,"minecraft:cow":1,"minecraft:enderman":1},"minecraft:killed_by":{"minecraft:ocelot":1,"minecraft:skeleton":2,"minecraft:creeper":1,"minecraft:zombie":1},"minecraft:mined":{"minecraft:dark_oak_leaves":23,"minecraft:grass_block":21,"minecraft:poppy":1,"minecraft:sugar_cane":1,"minecraft:birch_log":4,"minecraft:birch_leaves":110,"minecraft:grass":204,"minecraft:gravel":82,"minecraft:dirt":24,"minecraft:oak_leaves":44}},"DataVersion":3465}