{
  "minecraft:recipes/decorations/crafting_table": {
    "criteria": {
      "unlock_right_away": "2024-05-15 02:23:30 +0000"
    },
    "done": true
  },
  "minecraft:adventure/adventuring_time": {
    "criteria": {
      "minecraft:sparse_jungle": "2024-05-15 02:47:16 +0000",
      "minecraft:river": "2024-05-15 02:47:14 +0000",
      "minecraft:old_growth_birch_forest": "2024-05-15 02:23:31 +0000",
      "minecraft:plains": "2024-05-15 02:47:18 +0000"
    },
    "done": false
  },
  "DataVersion": 3465
}