{
  "minecraft:recipes/transportation/mangrove_boat": {
    "criteria": {
      "in_water": "2024-06-18 02:18:14 +0000"
    },
    "done": true
  },
  "minecraft:recipes/decorations/crafting_table": {
    "criteria": {
      "unlock_right_away": "2024-06-18 02:11:01 +0000"
    },
    "done": true
  },
  "minecraft:recipes/transportation/acacia_boat": {
    "criteria": {
      "in_water": "2024-06-18 02:18:14 +0000"
    },
    "done": true
  },
  "minecraft:recipes/transportation/cherry_boat": {
    "criteria": {
      "in_water": "2024-06-18 02:18:14 +0000"
    },
    "done": true
  },
  "minecraft:adventure/adventuring_time": {
    "criteria": {
      "minecraft:old_growth_pine_taiga": "2024-06-18 02:18:27 +0000",
      "minecraft:taiga": "2024-06-18 02:11:02 +0000",
      "minecraft:sunflower_plains": "2024-06-18 02:14:01 +0000",
      "minecraft:birch_forest": "2024-06-18 02:18:04 +0000",
      "minecraft:beach": "2024-06-18 02:14:06 +0000",
      "minecraft:river": "2024-06-18 02:11:53 +0000",
      "minecraft:forest": "2024-06-18 02:13:41 +0000",
      "minecraft:ocean": "2024-06-18 02:18:12 +0000",
      "minecraft:old_growth_spruce_taiga": "2024-06-18 02:12:09 +0000",
      "minecraft:old_growth_birch_forest": "2024-06-18 02:17:53 +0000",
      "minecraft:plains": "2024-06-18 02:13:46 +0000"
    },
    "done": false
  },
  "minecraft:recipes/transportation/bamboo_raft": {
    "criteria": {
      "in_water": "2024-06-18 02:18:14 +0000"
    },
    "done": true
  },
  "minecraft:recipes/transportation/spruce_boat": {
    "criteria": {
      "in_water": "2024-06-18 02:18:14 +0000"
    },
    "done": true
  },
  "minecraft:recipes/transportation/birch_boat": {
    "criteria": {
      "in_water": "2024-06-18 02:18:14 +0000"
    },
    "done": true
  },
  "minecraft:recipes/transportation/oak_boat": {
    "criteria": {
      "in_water": "2024-06-18 02:18:14 +0000"
    },
    "done": true
  },
  "minecraft:recipes/transportation/jungle_boat": {
    "criteria": {
      "in_water": "2024-06-18 02:18:14 +0000"
    },
    "done": true
  },
  "minecraft:recipes/transportation/dark_oak_boat": {
    "criteria": {
      "in_water": "2024-06-18 02:18:14 +0000"
    },
    "done": true
  },
  "DataVersion": 3465
}